Full Name,Nickname,Tagline,Email,City,State,ZIP,Phone,Emergency Name,Emergency Phone,Emergency Relation,Medical,Bike Model,Bike Year,Years Riding,Off-Road,Baja Exp,Repair,Pillion,Pillion Name,Spanish,Passport Valid,T-Shirt,Garmin,Toolkit,Skill Mech,Skill Med,Skill Photo,Roommate,Dietary,N1,N2,N3,N4,N5,N6,N7,N8,Deposit Req,Amt Collected
Kevin Tran,Kevin,Here I go,kptran87@gmail.com,Reno,NV,89506,(925) 487-0526,Bill Goodwin,(530) 240-5840,Father,,BMW F700GS,2013,1-5 yrs,None,First time,None,No,,None,Yes,XL,No,No,No,No,No,Bill Goodwin,,hotel,hotel,camping,camping,camping,hotel,hotel,hotel,500,500
Keith Grandt,,Hi!,k_grandt@msn.com,Rocklin,CA,95677,(916) 416-7718,Theresa Pinder,(541) 666-9876,Friend ,None,Triumph Tiger 1200,2023,1-5 yrs,Intermediate,First time,Comfortable,No,,Simple,Yes,XL,No,Yes,Yes,No,Yes,Melinda Irhazy,,hotel,hotel,camping,camping,camping,hotel,hotel,hotel,500,500
Ravi Verma,Ravi,Miles to go before I sleep.,ravivermanasikse@hotmail.com,Fremont,CA,94536,(408) 859-4459,Erin Verma,(408) 859-1046,Spouse,,Yamaha Super Tenere 1200,2014,10+ yrs,Beginner,Twice,Comfortable,No,,None,Yes,L,Yes,No,No,No,Yes,Ravi Verma,"Kevin I can't eat fish, beef or pork. They had made me spicy chicken last time.
I will meet you in night two in Rancho Meiling as I would like to spend two nights in Chenowith Lodge as a pre-trip. And ride to Rancho Meiling from San Felipe while you are riding from Temecula to Rancho Meiling. Is that okay?",own,hotel,camping,camping,camping,hotel,hotel,hotel,500,500
Brian Krautler,Brian,Vamanos!,bkrautler@hotmail.com,Alameda,CA,94502,(860) 960-4212,Andrea,(860) 961-3600,Spouse,,BMW R1200 GSA,2016,5-10 yrs,Intermediate,First time,Comfortable,No,,Simple,Yes,M,No,No,No,Yes,No,NZUf9FoUN1Tzw5HLQH6q0wXMJJ42,None ,hotel,camping,camping,camping,camping,camping,hotel,camping,500,500
Richard S Wynter,Scott,,scottwynter@gmail.com,Pleasant Hill,CA,94523,(925) 998-8566,Maggie Wynter,(925) 330-6960,Daughter,,BMW F800GS,2013,10+ yrs,Beginner,Twice,Comfortable,No,,Read,Yes,XL,No,Yes,No,Yes,No,AaXxXbgNBtv5ykWP79DY,,hotel,hotel,camping,camping,camping,camping,hotel,hotel,500,500
Tim Cook,Genius,I love unboxing,apple@test.com,Cupertino,CA,99999,(999) 888-7777,John Ivey,(111) 222-3333,Friend,,Apple Trike,2030,5-10 yrs,None,First time,None,No,,None,Yes,M,No,No,No,No,No,,,hotel,hotel,camping,camping,camping,hotel,hotel,hotel,500,500
Mark A Miller,Mark,Life is hard.  Ride harder.,inthegame72@hotmail.com,Concord,CA,94521,(925) 768-4388,Jeff Miller,(925) 768-5818,Son,None ,BMW 1250Gs,2024,5-10 yrs,Intermediate,First time,None,No,,None,Yes,XL,No,Yes,No,No,No,AWkhuhTKddhBH6G6iT4E,None,hotel,hotel,camping,camping,camping,camping,hotel,own,500,500
Richard Martin,Rich,,martinbrewing@gmail.com,Fair Oaks,CA,95628,(916) 517-8451,Robin Martin,(916) 837-3017,Spouse,,R1200 GS,2004,5-10 yrs,Intermediate,First time,Basic,No,,None,Yes,2XL,Yes,Yes,No,No,No,Nicolas Solberg,,hotel,hotel,camping,camping,camping,hotel,hotel,hotel,500,500
Melinda Irhazy,Melinda,,mishoer@yahoo.com,Roseville,CA,95747,(530) 210-9169,June Irhazy,(650) 580-0350,Parent,,BMW R1250,2019,10+ yrs,Intermediate,Once,Basic,No,,Read,Yes,M,No,No,No,No,No,Keith Grandt,no,hotel,hotel,camping,camping,camping,hotel,hotel,hotel,500,500
Jerry C Hanson,Elmo ,Emma kitty ,jerryhanson13@hotmail.com,COLORADO SPRINGS,CO,80915,(719) 639-6493,Jonathan Hanson ,(949) 922-6223,Son,None ,Vstrom 800DE,2023,10+ yrs,Advanced,Once,Comfortable,No,,None,Yes,L,No,Yes,Yes,No,Yes,Steve Brakebill,,hotel,camping,camping,camping,camping,hotel,hotel,camping,500,500
Dan Sakols,Dan,A full tank of gas and an open mind,dan@sakols.com,Mountain View,CA,94040,(650) 996-5478,Regina Sakols,(650) 996-9439,Spouse,,BMW F650GS,2012,5-10 yrs,Intermediate,Once,MacGyver,No,,Simple,Yes,L,No,No,Yes,No,Yes,Joe Larkin,,hotel,camping,camping,camping,camping,camping,own,own,500,500
Corey Buckenham,Buckey,If it's fun we are doing it right.,buckenhamcorey@gmail.com,Lodi,CA,95240,(209) 986-2706,Kristin Buckenhame,(209) 986-2707,Spouse,,BMW R1250 GSA,2019,10+ yrs,Advanced,Twice,Comfortable,No,,None,Yes,XL,No,No,Yes,No,Yes,,,own,hotel,camping,camping,camping,camping,hotel,camping,500,500
Michelle Lodwick,Michelle,,chelleoxford@gmail.com,Pacifica,CA,94044,(209) 814-7814,Michael Weiss-Malik,(480) 239-4209,Partner,,BMW F750 GS,2023,5-10 yrs,Intermediate,First time,Basic,No,,Read,Yes,S,Yes,No,No,No,No,,I avoid shellfish.,hotel,hotel,camping,camping,camping,camping,hotel,hotel,500,500
Steve Stein,Steve,Let's not reality get in the way of a good story.,stevena.stein@gmail.com,San Francisco,CA,94110,(415) 999-7481,Jennifer Abrams,(415) 305-1912,Spouse,,R1250 GS,2019,10+ yrs,Intermediate,First time,Comfortable,No,,Simple,Yes,M,Yes,No,No,No,No,6hHPgaabh0bxNyJCaI2r1IyLr5i1,none,hotel,hotel,camping,camping,camping,camping,hotel,hotel,500,500
John Parodi,John,Life's an adventure,john.r.parodi@gmail.com,Tiburon,CA,94920,(415) 846-0634,Karen Parodi,(415) 710-4183,Spouse,,R1200 GSA,2016,10+ yrs,Beginner,Twice,Basic,No,,None,Yes,2XL,No,No,No,No,Yes,David Gluss,,hotel,hotel,camping,camping,camping,hotel,hotel,hotel,500,500
Benjamin Hargrove,Ben,I'm in! Vamanos pues!,benhargrove@hotmail.com,Chico,CA,95973,(530) 521-4172,Babette Maiss,(530) 321-5668,Spouse,,BMW R1200GSA,2013,10+ yrs,Intermediate,First time,Comfortable,No,,Simple,Yes,L,No,Yes,Yes,No,No,,"None.  I’m on a see-food diet.  I see it, I eat it!",hotel,hotel,camping,camping,camping,hotel,hotel,hotel,500,500
Tim Lewis,,,timtcfp@gmail.com,Fremont,CA,94536,(510) 364-4782,Kathy Lewis,(510) 697-9178,Wife,none,BMW 800,2012,10+ yrs,Intermediate,Twice,Comfortable,No,,None,Yes,2XL,No,Yes,No,No,No,,,own,hotel,camping,camping,camping,hotel,hotel,own,500,500
Bill Goodwin,Bill,I am ready for some sunshine in March.,billgoodwin@sbcglobal.net,Reno,NV,89506,(530) 240-5804,Louise Goodwin,(775) 233-6457,Wife,,R1250 GSA,2022,10+ yrs,Intermediate,Once,Basic,No,,None,Yes,XL,No,No,No,No,No,Kevin Tran,,hotel,hotel,camping,camping,camping,hotel,hotel,hotel,500,500
Klaus Daniel Heine,Daniel,,kd.heine@gmx.de,Sacramento,CA,95817-2852,(916) 268-7492,Jens Huelsermann,(916) 957-6782,Colleague,"No allergies known, overweight 😉",BMW F 800 GS Adventure,2017,1-5 yrs,Advanced,First time,Comfortable,No,,Read,Yes,2XL,Yes,Yes,No,No,No,,,hotel,camping,camping,camping,camping,hotel,own,own,500,500
Marc Dubresson,Marc,All in!,mdubresson@gmail.com,Los Gatos,CA,95030,(669) 333-4532,Caroline Dubresson,(669) 333-4503,Spouse,,BMW R1250 GS,2022,10+ yrs,Beginner,Once,Basic,No,,Read,Yes,XL,Yes,No,No,No,No,,,hotel,hotel,own,own,own,own,hotel,hotel,500,500
David Gluss,Dave,Would you like wine or beer with that?,dgluss@gmail.com,Castro Valley,CA,94552,(650) 867-9903,Patti Pope,(650) 867-9902,Spouse,Diabetes,BMW R1200 GSA,2009,10+ yrs,Beginner,Once,MacGyver,No,,None,Yes,XL,Yes,No,Yes,No,No,QRvwRbITfFhJselPHgdVNrf7XuB2,None,hotel,hotel,camping,camping,camping,hotel,hotel,hotel,500,500
Ron Anderson,Ron,Fish roll over in a barrel,randerso@ccsf.edu,San Francisco,CA,94116,(415) 906-9106,Carmen Lefranc,(415) 308-8345,Friend,,BMW R120 RT,2020,10+ yrs,Beginner,First time,Comfortable,No,,None,Yes,XL,No,No,No,No,No,,none,hotel,camping,camping,camping,camping,hotel,hotel,hotel,500,500
Kevin Coleman,Kevin,Ride to live-Live to Ride,bmwriderkmc@gmail.com,Orinda,CA,94563,(925) 890-8449,Kimberley,(025) 381-7832,Spouse,none,BMW R1200GSA,2018,5-10 yrs,Intermediate,Many,Comfortable,No,,None,Yes,M,Yes,Yes,Yes,No,No,,none,hotel,hotel,camping,camping,camping,hotel,hotel,camping,500,500
Dave Brakebill,Dave,Continental Divide Ride - Check,dbrakebill60@yahoo.com,Rodeo,CA,94572,(775) 845-6000,Mariela Brakebill,(775) 412-7976,Spouse,,Suzuki V-Strom 650,2013,10+ yrs,Advanced,Many,MacGyver,No,,None,Yes,XL,No,Yes,Yes,No,No,Will Selden,,hotel,camping,camping,camping,camping,hotel,hotel,camping,500,500
William Selden,Will,Saying the quiet part outloud.,willselden88@gmail.com,Watsonville,CA,95076,(831) 818-1699,Tamara Selden,(831) 818-1696,Spouse,,BMW R1250,2022,10+ yrs,Intermediate,First time,None,No,,None,Yes,XL,Yes,No,No,No,Yes,Dave Brakebill,,hotel,camping,camping,camping,camping,hotel,hotel,camping,500,500
Keith Jose,,Lets do it!,keithjose@gmail.com,Dixon,CA,95620,(530) 312-4603,Maria Jose,(530) 304-4016,Spouse,"Amoxicillin reaction, rash",BMW R1250 GSA,2023,5-10 yrs,Intermediate,First time,Comfortable,No,,None,Yes,XL,Yes,No,No,No,Yes,,,hotel,camping,camping,camping,camping,camping,hotel,camping,500,500
Joe Larkin,Joe,It's all good,joesj@yahoo.com,Los Altos,CA,94024,(650) 399-6836,Olivia Wu,(669) 333-6938,Spouse,,R1250 GSA,2020,5-10 yrs,Advanced,First time,Comfortable,No,,Simple,Yes,L,No,No,No,No,Yes,JtnZvRAqXHaEeWDIz3HEAp3l2Ak2,N/A ,hotel,hotel,camping,camping,camping,hotel,hotel,hotel,500,500
Nicolas Solberg, Nic,This too shall pass,nic@freefrog.com,Sacramento,California,95827,(916) 320-1589,Renee Middleton,(916) 284-1448,Spouse,High blood pressure ,Suzuki   Vstrom 800DE Adventure,2023,10+ yrs,Intermediate,Once,Basic,No,,Read,Yes,XL,Yes,Yes,No,No,Yes,BrYNPypttEMaagXyGYrsPfihfuk1,None. Bring on the vegemite and rattlesnake! JK. I eat most anything. ,hotel,hotel,camping,camping,camping,hotel,hotel,hotel,500,500